possession_id,period,start_action,end_action,start_clock,end_clock,owner_tno,end_reason,pts_owner,pts_against,owner_team_name,net_pts
0,1,1,6,10:00:00,09:59:00,,,0,0,,0
1,1,9,9,09:49:00,09:49:00,2.0,score,2,0,FENERBAHÇE BEKO,2
2,1,10,10,09:30:00,09:30:00,1.0,score,2,0,TOFAS,2
3,1,11,12,09:30:00,09:14:00,2.0,def_reb,0,0,FENERBAHÇE BEKO,0
4,1,13,13,09:11:00,09:11:00,1.0,def_reb,0,0,TOFAS,0
5,1,14,14,08:53:00,08:53:00,2.0,score,2,2,FENERBAHÇE BEKO,0
6,1,15,16,08:53:00,08:30:00,1.0,score,2,2,TOFAS,0
7,1,17,20,08:30:00,07:57:00,2.0,score,2,2,FENERBAHÇE BEKO,0
8,1,21,26,07:39:00,07:27:00,1.0,def_reb,0,0,TOFAS,0
9,1,27,27,07:27:00,07:27:00,2.0,def_reb,0,0,FENERBAHÇE BEKO,0
10,1,28,31,07:27:00,07:24:00,1.0,score,2,2,TOFAS,0
11,1,32,34,07:24:00,07:12:00,2.0,score,2,2,FENERBAHÇE BEKO,0
12,1,35,40,07:12:00,07:11:00,1.0,score,2,0,TOFAS,2
13,1,41,41,06:56:00,06:56:00,2.0,def_reb,0,0,FENERBAHÇE BEKO,0
14,1,42,42,06:54:00,06:54:00,1.0,def_reb,0,0,TOFAS,0
15,1,44,49,06:49:00,06:34:00,2.0,score,2,2,FENERBAHÇE BEKO,0
16,1,51,54,06:33:00,06:18:00,1.0,score,2,2,TOFAS,0
17,1,55,60,06:18:00,06:18:00,2.0,made_ft_last,1,0,FENERBAHÇE BEKO,1
18,1,63,63,06:08:00,06:08:00,1.0,turnover,0,0,TOFAS,0
19,1,66,69,05:52:00,05:37:00,2.0,score,2,0,FENERBAHÇE BEKO,2
20,1,70,70,05:14:00,05:14:00,1.0,def_reb,0,0,TOFAS,0
21,1,71,71,05:11:00,05:11:00,2.0,def_reb,0,0,FENERBAHÇE BEKO,0
22,1,72,72,05:09:00,05:09:00,1.0,score,2,2,TOFAS,0
23,1,73,74,05:09:00,04:49:00,2.0,score,2,2,FENERBAHÇE BEKO,0
24,1,75,88,04:49:00,04:20:00,1.0,def_reb,0,0,TOFAS,0
25,1,89,89,04:18:00,04:18:00,2.0,def_reb,0,0,FENERBAHÇE BEKO,0
26,1,90,90,04:11:00,04:11:00,1.0,def_reb,0,0,TOFAS,0
27,1,92,92,04:08:00,04:08:00,2.0,def_reb,0,0,FENERBAHÇE BEKO,0
28,1,94,94,03:44:00,03:44:00,1.0,def_reb,0,0,TOFAS,0
29,1,95,95,03:39:00,03:39:00,2.0,def_reb,0,0,FENERBAHÇE BEKO,0
30,1,96,96,03:27:00,03:27:00,1.0,def_reb,0,0,TOFAS,0
31,1,97,97,03:24:00,03:24:00,2.0,def_reb,0,0,FENERBAHÇE BEKO,0
32,1,99,105,03:15:00,03:15:00,1.0,made_ft,1,1,TOFAS,0
33,1,106,106,03:15:00,03:15:00,2.0,def_reb,0,0,FENERBAHÇE BEKO,0
34,1,107,107,03:15:00,03:15:00,1.0,def_reb,0,0,TOFAS,0
35,1,109,109,02:59:00,02:59:00,2.0,def_reb,0,0,FENERBAHÇE BEKO,0
36,1,110,110,02:56:00,02:56:00,1.0,def_reb,0,0,TOFAS,0
37,1,111,111,02:50:00,02:50:00,2.0,score,2,0,FENERBAHÇE BEKO,2
38,1,116,124,02:35:00,02:21:00,1.0,def_reb,0,0,TOFAS,0
39,1,125,125,02:18:00,02:18:00,2.0,def_reb,0,0,FENERBAHÇE BEKO,0
40,1,126,130,02:07:00,02:01:00,1.0,score,2,2,TOFAS,0
41,1,132,140,01:46:00,01:44:00,2.0,made_ft,1,1,FENERBAHÇE BEKO,0
42,1,141,141,01:44:00,01:44:00,1.0,made_ft_last,1,0,TOFAS,1
43,1,143,143,01:22:00,01:22:00,2.0,def_reb,0,0,FENERBAHÇE BEKO,0
44,1,144,144,01:19:00,01:19:00,1.0,def_reb,0,0,TOFAS,0
45,1,148,148,01:01:00,01:01:00,2.0,turnover,0,0,FENERBAHÇE BEKO,0
46,1,149,152,01:01:00,00:48:30,1.0,def_reb,0,0,TOFAS,0
47,1,153,153,00:45:90,00:45:90,2.0,def_reb,0,0,FENERBAHÇE BEKO,0
48,1,154,154,00:37:20,00:37:20,1.0,turnover,0,0,TOFAS,0
49,1,155,156,00:37:20,00:13:50,2.0,def_reb,0,0,FENERBAHÇE BEKO,0
50,1,157,157,00:10:70,00:10:70,1.0,def_reb,0,0,TOFAS,0
51,1,159,159,00:02:50,00:02:50,2.0,score,2,2,FENERBAHÇE BEKO,0
52,1,162,165,00:00:00,09:59:00,1.0,def_reb,0,0,TOFAS,0
53,2,166,166,09:56:00,09:56:00,2.0,def_reb,0,0,FENERBAHÇE BEKO,0
54,2,169,169,09:48:00,09:48:00,1.0,def_reb,0,0,TOFAS,0
55,2,170,170,09:43:00,09:43:00,2.0,def_reb,0,0,FENERBAHÇE BEKO,0
56,2,171,171,09:32:00,09:32:00,1.0,score,2,0,TOFAS,2
57,2,172,203,09:32:00,08:53:00,2.0,made_ft,1,0,FENERBAHÇE BEKO,1
58,2,204,204,08:53:00,08:53:00,1.0,def_reb,0,0,TOFAS,0
59,2,206,206,08:53:00,08:53:00,2.0,def_reb,0,0,FENERBAHÇE BEKO,0
60,2,208,216,08:45:00,08:33:00,1.0,made_ft,1,0,TOFAS,1
61,2,217,218,08:33:00,08:33:00,2.0,made_ft_last,1,1,FENERBAHÇE BEKO,0
62,2,219,222,08:33:00,08:18:00,1.0,def_reb,0,0,TOFAS,0
63,2,224,224,08:16:00,08:16:00,2.0,def_reb,0,0,FENERBAHÇE BEKO,0
64,2,225,228,08:16:00,08:08:00,1.0,def_reb,0,0,TOFAS,0
65,2,229,229,08:06:00,08:06:00,2.0,def_reb,0,0,FENERBAHÇE BEKO,0
66,2,231,233,07:56:00,07:56:00,1.0,def_reb,0,0,TOFAS,0
67,2,234,234,07:56:00,07:56:00,2.0,def_reb,0,0,FENERBAHÇE BEKO,0
68,2,235,235,07:56:00,07:56:00,1.0,made_ft_last,1,0,TOFAS,1
69,2,236,241,07:56:00,07:29:00,2.0,def_reb,0,0,FENERBAHÇE BEKO,0
70,2,242,242,07:28:00,07:28:00,1.0,def_reb,0,0,TOFAS,0
71,2,243,248,07:28:00,07:25:00,2.0,score,3,0,FENERBAHÇE BEKO,3
72,2,249,250,07:25:00,07:00:00,1.0,def_reb,0,0,TOFAS,0
73,2,251,251,06:58:00,06:58:00,2.0,def_reb,0,0,FENERBAHÇE BEKO,0
74,2,253,259,06:54:00,06:54:00,1.0,def_reb,0,0,TOFAS,0
75,2,260,260,06:54:00,06:54:00,2.0,def_reb,0,0,FENERBAHÇE BEKO,0
76,2,261,261,06:54:00,06:54:00,1.0,made_ft_last,1,1,TOFAS,0
77,2,264,270,06:39:00,06:39:00,2.0,def_reb,0,0,FENERBAHÇE BEKO,0
78,2,271,271,06:39:00,06:39:00,1.0,def_reb,0,0,TOFAS,0
79,2,272,272,06:39:00,06:39:00,2.0,made_ft_last,1,1,FENERBAHÇE BEKO,0
80,2,273,282,06:39:00,06:30:00,1.0,def_reb,0,0,TOFAS,0
81,2,283,283,06:30:00,06:30:00,2.0,def_reb,0,0,FENERBAHÇE BEKO,0
82,2,284,284,06:30:00,06:30:00,1.0,made_ft_last,1,1,TOFAS,0
83,2,287,287,06:12:00,06:12:00,2.0,turnover,0,0,FENERBAHÇE BEKO,0
84,2,288,291,06:12:00,05:58:00,1.0,turnover,0,0,TOFAS,0
85,2,292,293,05:58:00,05:52:00,2.0,turnover,0,0,FENERBAHÇE BEKO,0
86,2,294,295,05:52:00,05:48:00,1.0,score,2,2,TOFAS,0
87,2,297,302,05:48:00,05:28:00,2.0,score,2,2,FENERBAHÇE BEKO,0
88,2,303,303,05:03:00,05:03:00,1.0,def_reb,0,0,TOFAS,0
89,2,304,304,05:01:00,05:01:00,2.0,def_reb,0,0,FENERBAHÇE BEKO,0
90,2,305,305,04:54:00,04:54:00,1.0,score,2,0,TOFAS,2
91,2,306,307,04:54:00,04:37:00,2.0,def_reb,0,0,FENERBAHÇE BEKO,0
92,2,308,308,04:35:00,04:35:00,1.0,def_reb,0,0,TOFAS,0
93,2,309,312,04:22:00,04:21:00,2.0,score,2,2,FENERBAHÇE BEKO,0
94,2,313,319,04:21:00,04:21:00,1.0,made_ft_last,1,0,TOFAS,1
95,2,322,324,04:15:00,04:15:00,2.0,made_ft,1,0,FENERBAHÇE BEKO,1
96,2,325,325,04:15:00,04:15:00,1.0,made_ft_last,1,1,TOFAS,0
97,2,328,330,04:01:00,04:01:00,2.0,made_ft,1,1,FENERBAHÇE BEKO,0
98,2,331,332,04:01:00,04:01:00,1.0,made_ft_last,1,0,TOFAS,1
99,2,334,334,03:44:00,03:44:00,2.0,score,3,0,FENERBAHÇE BEKO,3
100,2,335,337,03:44:00,03:28:00,1.0,score,2,0,TOFAS,2
101,2,338,344,03:28:00,03:28:00,2.0,made_ft_last,1,1,FENERBAHÇE BEKO,0
102,2,346,350,03:11:00,03:05:00,1.0,def_reb,0,0,TOFAS,0
103,2,351,351,03:04:00,03:04:00,2.0,def_reb,0,0,FENERBAHÇE BEKO,0
104,2,352,352,02:47:00,02:47:00,1.0,def_reb,0,0,TOFAS,0
105,2,353,353,02:44:00,02:44:00,2.0,def_reb,0,0,FENERBAHÇE BEKO,0
106,2,354,354,02:43:00,02:43:00,1.0,score,2,2,TOFAS,0
107,2,355,356,02:43:00,02:28:00,2.0,score,2,2,FENERBAHÇE BEKO,0
108,2,357,358,02:28:00,02:13:00,1.0,score,2,2,TOFAS,0
109,2,359,359,01:54:00,01:54:00,2.0,score,2,2,FENERBAHÇE BEKO,0
110,2,360,361,01:54:00,01:30:00,1.0,score,2,2,TOFAS,0
111,2,362,362,01:16:00,01:16:00,2.0,turnover,0,0,FENERBAHÇE BEKO,0
112,2,363,364,01:16:00,01:10:00,1.0,score,2,2,TOFAS,0
113,2,366,378,01:10:00,00:48:10,2.0,def_reb,0,0,FENERBAHÇE BEKO,0
114,2,379,379,00:48:10,00:48:10,1.0,def_reb,0,0,TOFAS,0
115,2,380,380,00:48:10,00:48:10,2.0,made_ft_last,1,1,FENERBAHÇE BEKO,0
116,2,381,384,00:48:10,00:24:30,1.0,def_reb,0,0,TOFAS,0
117,2,385,385,00:20:00,00:20:00,2.0,def_reb,0,0,FENERBAHÇE BEKO,0
118,2,387,387,00:05:00,00:05:00,1.0,score,2,0,TOFAS,2
119,2,388,403,00:05:00,09:38:00,2.0,def_reb,0,0,FENERBAHÇE BEKO,0
120,3,405,405,09:37:00,09:37:00,1.0,def_reb,0,0,TOFAS,0
121,3,407,407,09:18:00,09:18:00,2.0,def_reb,0,0,FENERBAHÇE BEKO,0
122,3,408,408,09:15:00,09:15:00,1.0,def_reb,0,0,TOFAS,0
123,3,411,411,08:53:00,08:53:00,2.0,def_reb,0,0,FENERBAHÇE BEKO,0
124,3,413,413,08:52:00,08:52:00,1.0,def_reb,0,0,TOFAS,0
125,3,415,415,08:35:00,08:35:00,2.0,score,2,2,FENERBAHÇE BEKO,0
126,3,417,424,08:26:00,08:12:00,1.0,def_reb,0,0,TOFAS,0
127,3,425,427,08:10:00,07:53:00,2.0,score,2,2,FENERBAHÇE BEKO,0
128,3,428,436,07:53:00,07:32:00,1.0,score,3,3,TOFAS,0
129,3,437,437,07:07:00,07:07:00,2.0,def_reb,0,0,FENERBAHÇE BEKO,0
130,3,438,438,07:05:00,07:05:00,1.0,def_reb,0,0,TOFAS,0
131,3,439,439,06:48:00,06:48:00,2.0,score,3,0,FENERBAHÇE BEKO,3
132,3,440,449,06:48:00,06:20:00,1.0,def_reb,0,0,TOFAS,0
133,3,450,450,06:18:00,06:18:00,2.0,def_reb,0,0,FENERBAHÇE BEKO,0
134,3,452,452,06:14:00,06:14:00,1.0,turnover,0,0,TOFAS,0
135,3,454,454,05:58:00,05:58:00,2.0,turnover,0,0,FENERBAHÇE BEKO,0
136,3,455,456,05:58:00,05:53:00,1.0,def_reb,0,0,TOFAS,0
137,3,457,457,05:50:00,05:50:00,2.0,def_reb,0,0,FENERBAHÇE BEKO,0
138,3,458,461,05:42:00,05:36:00,1.0,score,2,0,TOFAS,2
139,3,462,476,05:36:00,05:02:00,2.0,score,2,0,FENERBAHÇE BEKO,2
140,3,477,479,05:02:00,05:02:00,1.0,def_reb,0,0,TOFAS,0
141,3,481,481,05:02:00,05:02:00,2.0,def_reb,0,0,FENERBAHÇE BEKO,0
142,3,483,489,04:48:00,04:41:00,1.0,def_reb,0,0,TOFAS,0
143,3,490,490,04:38:00,04:38:00,2.0,def_reb,0,0,FENERBAHÇE BEKO,0
144,3,491,491,04:34:00,04:34:00,1.0,score,2,2,TOFAS,0
145,3,492,493,04:34:00,04:14:00,2.0,score,2,2,FENERBAHÇE BEKO,0
146,3,494,494,03:53:00,03:53:00,1.0,score,2,2,TOFAS,0
147,3,495,495,03:35:00,03:35:00,2.0,def_reb,0,0,FENERBAHÇE BEKO,0
148,3,496,496,03:33:00,03:33:00,1.0,def_reb,0,0,TOFAS,0
149,3,498,498,03:29:00,03:29:00,2.0,score,2,0,FENERBAHÇE BEKO,2
150,3,499,508,03:29:00,03:29:00,1.0,made_ft_last,1,1,TOFAS,0
151,3,510,517,03:08:00,03:08:00,2.0,made_ft,1,1,FENERBAHÇE BEKO,0
152,3,518,518,03:08:00,03:08:00,1.0,def_reb,0,0,TOFAS,0
153,3,520,520,03:08:00,03:08:00,2.0,def_reb,0,0,FENERBAHÇE BEKO,0
154,3,521,521,02:44:00,02:44:00,1.0,score,3,3,TOFAS,0
155,3,522,522,02:20:00,02:20:00,2.0,def_reb,0,0,FENERBAHÇE BEKO,0
156,3,523,523,02:17:00,02:17:00,1.0,def_reb,0,0,TOFAS,0
157,3,525,525,02:13:00,02:13:00,2.0,turnover,0,0,FENERBAHÇE BEKO,0
158,3,530,530,01:57:00,01:57:00,1.0,score,2,0,TOFAS,2
159,3,531,537,01:57:00,01:42:00,2.0,turnover,0,0,FENERBAHÇE BEKO,0
160,3,538,539,01:42:00,01:38:00,1.0,score,2,0,TOFAS,2
161,3,541,544,01:38:00,01:22:00,2.0,score,2,0,FENERBAHÇE BEKO,2
162,3,545,547,01:04:00,01:01:00,1.0,def_reb,0,0,TOFAS,0
163,3,548,548,00:58:50,00:58:50,2.0,def_reb,0,0,FENERBAHÇE BEKO,0
164,3,550,550,00:43:60,00:43:60,1.0,turnover,0,0,TOFAS,0
165,3,552,552,00:30:40,00:30:40,2.0,score,2,2,FENERBAHÇE BEKO,0
166,3,553,555,00:30:40,00:06:30,1.0,score,2,2,TOFAS,0
167,3,556,565,00:06:30,09:46:00,2.0,score,2,2,FENERBAHÇE BEKO,0
168,4,566,568,09:46:00,09:20:00,1.0,def_reb,0,0,TOFAS,0
169,4,569,569,09:20:00,09:20:00,2.0,def_reb,0,0,FENERBAHÇE BEKO,0
170,4,570,574,09:20:00,09:20:00,1.0,def_reb,0,0,TOFAS,0
171,4,575,575,09:20:00,09:20:00,2.0,def_reb,0,0,FENERBAHÇE BEKO,0
172,4,576,579,09:20:00,09:07:00,1.0,def_reb,0,0,TOFAS,0
173,4,580,580,09:05:00,09:05:00,2.0,def_reb,0,0,FENERBAHÇE BEKO,0
174,4,581,581,08:47:00,08:47:00,1.0,score,2,0,TOFAS,2
175,4,583,589,08:47:00,08:19:00,2.0,score,2,0,FENERBAHÇE BEKO,2
176,4,590,599,07:57:00,07:56:00,1.0,made_ft,1,0,TOFAS,1
177,4,600,600,07:56:00,07:56:00,2.0,def_reb,0,0,FENERBAHÇE BEKO,0
178,4,602,602,07:56:00,07:56:00,1.0,def_reb,0,0,TOFAS,0
179,4,604,609,07:44:00,07:15:00,2.0,def_reb,0,0,FENERBAHÇE BEKO,0
180,4,610,610,07:13:00,07:13:00,1.0,def_reb,0,0,TOFAS,0
181,4,611,611,06:55:00,06:55:00,2.0,score,2,2,FENERBAHÇE BEKO,0
182,4,612,614,06:55:00,06:41:00,1.0,score,3,3,TOFAS,0
183,4,615,624,06:41:00,06:41:00,2.0,made_ft_last,1,0,FENERBAHÇE BEKO,1
184,4,627,630,06:32:00,06:24:00,1.0,score,2,0,TOFAS,2
185,4,631,633,06:24:00,06:14:00,2.0,turnover,0,0,FENERBAHÇE BEKO,0
186,4,635,635,05:58:00,05:58:00,1.0,def_reb,0,0,TOFAS,0
187,4,636,636,05:56:00,05:56:00,2.0,def_reb,0,0,FENERBAHÇE BEKO,0
188,4,638,638,05:55:00,05:55:00,1.0,score,2,2,TOFAS,0
189,4,639,645,05:55:00,05:55:00,2.0,made_ft_last,1,0,FENERBAHÇE BEKO,1
190,4,647,647,05:36:00,05:36:00,1.0,def_reb,0,0,TOFAS,0
191,4,648,648,05:33:00,05:33:00,2.0,def_reb,0,0,FENERBAHÇE BEKO,0
192,4,650,652,05:31:00,05:31:00,1.0,made_ft,1,1,TOFAS,0
193,4,653,653,05:31:00,05:31:00,2.0,made_ft_last,1,0,FENERBAHÇE BEKO,1
194,4,654,664,05:31:00,04:59:00,1.0,def_reb,0,0,TOFAS,0
195,4,665,665,04:54:00,04:54:00,2.0,def_reb,0,0,FENERBAHÇE BEKO,0
196,4,666,668,04:40:00,04:37:00,1.0,score,2,2,TOFAS,0
197,4,669,669,04:18:00,04:18:00,2.0,score,3,3,FENERBAHÇE BEKO,0
198,4,670,675,04:18:00,03:44:00,1.0,def_reb,0,0,TOFAS,0
199,4,677,677,03:40:00,03:40:00,2.0,def_reb,0,0,FENERBAHÇE BEKO,0
200,4,678,683,03:40:00,03:32:00,1.0,turnover,0,0,TOFAS,0
201,4,684,685,03:32:00,03:25:00,2.0,def_reb,0,0,FENERBAHÇE BEKO,0
202,4,686,686,03:23:00,03:23:00,1.0,def_reb,0,0,TOFAS,0
203,4,688,688,03:19:00,03:19:00,2.0,score,2,2,FENERBAHÇE BEKO,0
204,4,689,695,03:19:00,03:06:00,1.0,def_reb,0,0,TOFAS,0
205,4,696,696,03:03:00,03:03:00,2.0,def_reb,0,0,FENERBAHÇE BEKO,0
206,4,700,705,02:46:00,02:40:00,1.0,def_reb,0,0,TOFAS,0
207,4,706,706,02:38:00,02:38:00,2.0,def_reb,0,0,FENERBAHÇE BEKO,0
208,4,707,707,02:22:00,02:22:00,1.0,score,2,0,TOFAS,2
209,4,708,709,02:22:00,02:03:00,2.0,score,2,0,FENERBAHÇE BEKO,2
210,4,710,713,02:03:00,01:41:00,1.0,score,2,0,TOFAS,2
211,4,716,719,01:24:00,01:13:00,2.0,score,2,0,FENERBAHÇE BEKO,2
212,4,720,723,01:13:00,00:59:30,1.0,score,2,0,TOFAS,2
213,4,724,729,00:59:30,00:38:70,2.0,turnover,0,0,FENERBAHÇE BEKO,0
214,4,730,731,00:38:70,00:23:90,1.0,def_reb,0,0,TOFAS,0
215,4,732,732,00:21:80,00:21:80,2.0,def_reb,0,0,FENERBAHÇE BEKO,0
216,4,736,736,00:04:60,00:04:60,1.0,def_reb,0,0,TOFAS,0
217,4,737,737,00:04:60,00:04:60,2.0,def_reb,0,0,FENERBAHÇE BEKO,0
218,4,742,747,00:00:80,00:00:80,1.0,score,2,0,TOFAS,2
219,4,748,752,00:00:80,00:00:00,2.0,,0,0,FENERBAHÇE BEKO,0
