team_no,team_name,start_action,end_action,players_on_court,lineup_pos_mix,lineup_size,start_period,start_clock,end_period,end_clock,score_start_for,score_start_against,score_end_for,score_end_against
1,TOFAS,1.0,79,"[66, 88, 89, 91, 93]",Unknownx5,5,1,10:00:00,1,04:33:00,0,0,14,13
1,TOFAS,79.1,80,"[88, 89, 91, 93]",Unknownx4,4,1,04:33:00,1,04:33:00,14,13,14,13
1,TOFAS,80.1,81,"[88, 89, 91, 93]",Unknownx4,4,1,04:33:00,1,04:33:00,14,13,14,13
1,TOFAS,81.1,82,"[88, 89, 91, 92, 93]",Unknownx5,5,1,04:33:00,1,04:33:00,14,13,14,13
1,TOFAS,82.1,101,"[55, 89, 91, 92, 93]",Unknownx5,5,1,04:33:00,1,03:15:00,14,13,14,13
1,TOFAS,101.1,102,"[55, 91, 92, 93]",Unknownx4,4,1,03:15:00,1,03:15:00,14,13,14,13
1,TOFAS,102.1,134,"[55, 90, 91, 92, 93]",Unknownx5,5,1,03:15:00,1,01:46:00,14,13,14,18
1,TOFAS,134.1,135,"[55, 66, 91, 92, 93]",Unknownx5,5,1,01:46:00,1,01:46:00,14,18,14,18
1,TOFAS,135.1,149,"[55, 66, 92, 93, 94]",Unknownx5,5,1,01:44:00,1,01:01:00,14,18,16,18
1,TOFAS,149.1,150,"[55, 66, 89, 93, 94]",Unknownx5,5,1,01:01:00,1,01:01:00,16,18,16,18
1,TOFAS,150.1,255,"[55, 66, 67, 89, 94]",Unknownx5,5,1,00:48:30,2,06:54:00,16,18,23,22
1,TOFAS,255.1,256,"[55, 66, 67, 89]",Unknownx4,4,2,06:54:00,2,06:54:00,23,22,23,22
1,TOFAS,256.1,257,"[55, 66, 67, 89, 94]",Unknownx5,5,2,06:54:00,2,06:54:00,23,22,23,22
1,TOFAS,257.1,258,"[55, 67, 89, 94]",Unknownx4,4,2,06:54:00,2,06:54:00,23,22,23,22
1,TOFAS,258.1,266,"[55, 67, 88, 89, 94]",Unknownx5,5,2,06:54:00,2,06:39:00,23,22,23,23
1,TOFAS,266.1,267,"[55, 88, 89, 92, 94]",Unknownx5,5,2,06:39:00,2,06:39:00,23,23,23,23
1,TOFAS,267.1,268,"[55, 88, 89, 92, 94]",Unknownx5,5,2,06:39:00,2,06:39:00,23,23,23,23
1,TOFAS,268.1,269,"[55, 66, 88, 92, 94]",Unknownx5,5,2,06:39:00,2,06:39:00,23,23,23,23
1,TOFAS,269.1,280,"[55, 66, 91, 92, 94]",Unknownx5,5,2,06:39:00,2,06:30:00,23,23,24,23
1,TOFAS,280.1,281,"[55, 66, 91, 94]",Unknownx4,4,2,06:30:00,2,06:30:00,24,23,24,23
1,TOFAS,281.1,368,"[55, 66, 91, 93, 94]",Unknownx5,5,2,06:30:00,2,01:10:00,24,23,40,39
1,TOFAS,368.1,369,"[55, 66, 90, 91, 94]",Unknownx5,5,2,01:10:00,2,01:10:00,40,39,40,39
1,TOFAS,369.1,395,"[55, 66, 90, 91]",Unknownx4,4,2,01:10:00,3,10:00:00,40,39,43,39
1,TOFAS,395.1,396,"[55, 66, 90, 91]",Unknownx4,4,3,10:00:00,3,10:00:00,43,39,43,39
1,TOFAS,396.1,419,"[55, 66, 90, 91]",Unknownx4,4,3,10:00:00,3,08:26:00,43,39,45,39
1,TOFAS,419.1,420,"[55, 66, 90, 91]",Unknownx4,4,3,08:26:00,3,08:26:00,45,39,45,39
1,TOFAS,420.1,466,"[55, 66, 90, 91]",Unknownx4,4,3,08:16:00,3,05:28:00,45,39,49,45
1,TOFAS,466.1,467,"[55, 66, 88, 90, 91]",Unknownx5,5,3,05:28:00,3,05:28:00,49,45,49,45
1,TOFAS,467.1,504,"[55, 88, 90, 91, 94]",Unknownx5,5,3,05:28:00,3,03:29:00,49,45,51,53
1,TOFAS,504.1,505,"[66, 88, 90, 91, 94]",Unknownx5,5,3,03:29:00,3,03:29:00,51,53,51,53
1,TOFAS,505.1,506,"[66, 90, 91, 93, 94]",Unknownx5,5,3,03:29:00,3,03:29:00,51,53,51,53
1,TOFAS,506.1,507,"[66, 91, 92, 93, 94]",Unknownx5,5,3,03:29:00,3,03:29:00,51,53,51,53
1,TOFAS,507.1,532,"[66, 90, 92, 93, 94]",Unknownx5,5,3,03:29:00,3,01:57:00,51,53,54,57
1,TOFAS,532.1,533,"[66, 89, 90, 93, 94]",Unknownx5,5,3,01:57:00,3,01:57:00,54,57,54,57
1,TOFAS,533.1,595,"[66, 67, 89, 90, 94]",Unknownx5,5,3,01:50:00,4,07:56:00,54,57,62,63
1,TOFAS,595.1,596,"[66, 67, 89, 90, 94]",Unknownx5,5,4,07:56:00,4,07:56:00,62,63,62,63
1,TOFAS,596.1,618,"[66, 67, 89, 90, 94]",Unknownx5,5,4,07:56:00,4,06:41:00,62,63,65,66
1,TOFAS,618.1,619,"[66, 67, 89, 90, 94]",Unknownx5,5,4,06:41:00,4,06:41:00,65,66,65,66
1,TOFAS,619.1,622,"[66, 67, 89, 90]",Unknownx4,4,4,06:41:00,4,06:41:00,65,66,65,66
1,TOFAS,622.1,623,"[66, 67, 89, 90, 92]",Unknownx5,5,4,06:41:00,4,06:41:00,65,66,65,66
1,TOFAS,623.1,643,"[66, 67, 88, 90, 92]",Unknownx5,5,4,06:41:00,4,05:55:00,65,66,67,69
1,TOFAS,643.1,644,"[66, 67, 88, 90, 92]",Unknownx5,5,4,05:55:00,4,05:55:00,67,69,67,69
1,TOFAS,644.1,745,"[66, 67, 90, 92, 93]",Unknownx5,5,4,05:55:00,4,00:00:80,67,69,78,78
1,TOFAS,745.1,746,"[66, 67, 90, 93]",Unknownx4,4,4,00:00:80,4,00:00:80,78,78,78,78
1,TOFAS,746.1,752,"[66, 67, 90, 91, 93]",Unknownx5,5,4,00:00:80,4,00:00:00,78,78,80,78
2,FENERBAHÇE BEKO,1.0,58,"[76, 77, 95, 96, 99]",Unknownx5,5,1,10:00:00,1,06:18:00,0,0,8,12
2,FENERBAHÇE BEKO,58.1,59,"[76, 77, 95, 99]",Unknownx4,4,1,06:18:00,1,06:18:00,8,12,8,12
2,FENERBAHÇE BEKO,59.1,83,"[76, 77, 93, 95, 99]",Unknownx5,5,1,06:18:00,1,04:33:00,8,12,13,14
2,FENERBAHÇE BEKO,83.1,84,"[76, 77, 93, 95, 99]",Unknownx5,5,1,04:33:00,1,04:33:00,13,14,13,14
2,FENERBAHÇE BEKO,84.1,85,"[77, 93, 95, 96, 99]",Unknownx5,5,1,04:33:00,1,04:33:00,13,14,13,14
2,FENERBAHÇE BEKO,85.1,86,"[92, 93, 95, 96, 99]",Unknownx5,5,1,04:33:00,1,04:33:00,13,14,13,14
2,FENERBAHÇE BEKO,86.1,103,"[93, 95, 96, 97, 99]",Unknownx5,5,1,04:20:00,1,03:15:00,13,14,13,14
2,FENERBAHÇE BEKO,103.1,104,"[76, 95, 96, 97, 99]",Unknownx5,5,1,03:15:00,1,03:15:00,13,14,13,14
2,FENERBAHÇE BEKO,104.1,121,"[76, 89, 96, 97, 99]",Unknownx5,5,1,03:15:00,1,02:32:00,13,14,16,14
2,FENERBAHÇE BEKO,121.1,122,"[76, 89, 95, 97, 99]",Unknownx5,5,1,02:32:00,1,02:32:00,16,14,16,14
2,FENERBAHÇE BEKO,122.1,201,"[76, 89, 90, 95, 99]",Unknownx5,5,1,02:21:00,2,08:53:00,16,14,18,20
2,FENERBAHÇE BEKO,201.1,202,"[76, 89, 90, 92, 95]",Unknownx5,5,2,08:53:00,2,08:53:00,18,20,18,20
2,FENERBAHÇE BEKO,202.1,210,"[89, 90, 92, 95, 99]",Unknownx5,5,2,08:53:00,2,08:45:00,18,20,19,20
2,FENERBAHÇE BEKO,210.1,211,"[90, 92, 93, 95, 99]",Unknownx5,5,2,08:45:00,2,08:45:00,19,20,19,20
2,FENERBAHÇE BEKO,211.1,219,"[77, 92, 93, 95, 99]",Unknownx5,5,2,08:33:00,2,08:33:00,19,20,19,22
2,FENERBAHÇE BEKO,219.1,220,"[77, 93, 95, 97, 99]",Unknownx5,5,2,08:33:00,2,08:33:00,19,22,19,22
2,FENERBAHÇE BEKO,220.1,245,"[77, 95, 96, 97, 99]",Unknownx5,5,2,08:18:00,2,07:28:00,19,22,19,23
2,FENERBAHÇE BEKO,245.1,246,"[77, 90, 96, 97, 99]",Unknownx5,5,2,07:28:00,2,07:28:00,19,23,19,23
2,FENERBAHÇE BEKO,246.1,288,"[77, 90, 95, 97, 99]",Unknownx5,5,2,07:25:00,2,06:12:00,19,23,24,24
2,FENERBAHÇE BEKO,288.1,289,"[77, 89, 90, 95, 99]",Unknownx5,5,2,06:12:00,2,06:12:00,24,24,24,24
2,FENERBAHÇE BEKO,289.1,299,"[76, 77, 89, 90, 95]",Unknownx5,5,2,05:58:00,2,05:46:00,24,24,26,24
2,FENERBAHÇE BEKO,299.1,300,"[77, 89, 90, 95, 99]",Unknownx5,5,2,05:46:00,2,05:46:00,26,24,26,24
2,FENERBAHÇE BEKO,300.1,315,"[89, 90, 92, 95, 99]",Unknownx5,5,2,05:28:00,2,04:21:00,26,24,26,30
2,FENERBAHÇE BEKO,315.1,316,"[77, 89, 92, 95, 99]",Unknownx5,5,2,04:21:00,2,04:21:00,26,30,26,30
2,FENERBAHÇE BEKO,316.1,317,"[77, 89, 95, 99]",Unknownx4,4,2,04:21:00,2,04:21:00,26,30,26,30
2,FENERBAHÇE BEKO,317.1,318,"[77, 89, 95, 97, 99]",Unknownx5,5,2,04:21:00,2,04:21:00,26,30,26,30
2,FENERBAHÇE BEKO,318.1,342,"[77, 89, 93, 97, 99]",Unknownx5,5,2,04:21:00,2,03:28:00,26,30,31,35
2,FENERBAHÇE BEKO,342.1,343,"[77, 93, 97, 99]",Unknownx4,4,2,03:28:00,2,03:28:00,31,35,31,35
2,FENERBAHÇE BEKO,343.1,370,"[77, 89, 93, 97, 99]",Unknownx5,5,2,03:28:00,2,01:10:00,31,35,39,40
2,FENERBAHÇE BEKO,370.1,371,"[77, 89, 92, 93, 99]",Unknownx5,5,2,01:10:00,2,01:10:00,39,40,39,40
2,FENERBAHÇE BEKO,371.1,372,"[77, 89, 92, 93, 96]",Unknownx5,5,2,01:10:00,2,01:10:00,39,40,39,40
2,FENERBAHÇE BEKO,372.1,373,"[77, 89, 92, 93, 96]",Unknownx5,5,2,01:10:00,2,01:10:00,39,40,39,40
2,FENERBAHÇE BEKO,373.1,381,"[77, 89, 93, 95, 96]",Unknownx5,5,2,00:48:10,2,00:48:10,39,40,39,41
2,FENERBAHÇE BEKO,381.1,382,"[77, 89, 95, 96]",Unknownx4,4,2,00:48:10,2,00:48:10,39,41,39,41
2,FENERBAHÇE BEKO,382.1,397,"[77, 89, 95, 96]",Unknownx4,4,2,00:24:30,3,10:00:00,39,41,39,43
2,FENERBAHÇE BEKO,397.1,398,"[77, 89, 95, 96]",Unknownx4,4,3,10:00:00,3,10:00:00,39,43,39,43
2,FENERBAHÇE BEKO,398.1,399,"[77, 89, 95, 96]",Unknownx4,4,3,10:00:00,3,10:00:00,39,43,39,43
2,FENERBAHÇE BEKO,399.1,400,"[77, 89, 92, 95, 96]",Unknownx5,5,3,10:00:00,3,10:00:00,39,43,39,43
2,FENERBAHÇE BEKO,400.1,431,"[77, 89, 92, 96]",Unknownx4,4,3,10:00:00,3,07:39:00,39,43,39,47
2,FENERBAHÇE BEKO,431.1,432,"[77, 89, 92, 96]",Unknownx4,4,3,07:39:00,3,07:39:00,39,47,39,47
2,FENERBAHÇE BEKO,432.1,433,"[77, 89, 92, 96]",Unknownx4,4,3,07:39:00,3,07:39:00,39,47,39,47
2,FENERBAHÇE BEKO,433.1,434,"[77, 89, 92, 96, 99]",Unknownx5,5,3,07:39:00,3,07:39:00,39,47,39,47
2,FENERBAHÇE BEKO,434.1,444,"[77, 92, 96, 99]",Unknownx4,4,3,07:32:00,3,06:24:00,39,47,45,47
2,FENERBAHÇE BEKO,444.1,445,"[77, 92, 95, 96, 99]",Unknownx5,5,3,06:24:00,3,06:24:00,45,47,45,47
2,FENERBAHÇE BEKO,445.1,468,"[77, 92, 95, 97, 99]",Unknownx5,5,3,06:20:00,3,05:28:00,45,47,45,49
2,FENERBAHÇE BEKO,468.1,469,"[77, 92, 93, 95, 97]",Unknownx5,5,3,05:28:00,3,05:28:00,45,49,45,49
2,FENERBAHÇE BEKO,469.1,486,"[77, 92, 93, 95, 97]",Unknownx5,5,3,05:17:00,3,04:48:00,45,49,47,49
2,FENERBAHÇE BEKO,486.1,487,"[77, 93, 95, 96, 97]",Unknownx5,5,3,04:48:00,3,04:48:00,47,49,47,49
2,FENERBAHÇE BEKO,487.1,502,"[77, 95, 96, 97]",Unknownx4,4,3,04:41:00,3,03:29:00,47,49,53,51
2,FENERBAHÇE BEKO,502.1,503,"[76, 77, 95, 96, 97]",Unknownx5,5,3,03:29:00,3,03:29:00,53,51,53,51
2,FENERBAHÇE BEKO,503.1,515,"[76, 77, 89, 96, 97]",Unknownx5,5,3,03:29:00,3,03:08:00,53,51,54,51
2,FENERBAHÇE BEKO,515.1,516,"[76, 77, 96, 97]",Unknownx4,4,3,03:08:00,3,03:08:00,54,51,54,51
2,FENERBAHÇE BEKO,516.1,572,"[76, 77, 93, 96, 97]",Unknownx5,5,3,03:08:00,4,09:20:00,54,51,61,60
2,FENERBAHÇE BEKO,572.1,573,"[76, 77, 93, 96, 99]",Unknownx5,5,4,09:20:00,4,09:20:00,61,60,61,60
2,FENERBAHÇE BEKO,573.1,586,"[76, 77, 92, 93, 99]",Unknownx5,5,4,09:20:00,4,08:44:00,61,60,61,62
2,FENERBAHÇE BEKO,586.1,587,"[77, 92, 93, 97, 99]",Unknownx5,5,4,08:44:00,4,08:44:00,61,62,61,62
2,FENERBAHÇE BEKO,587.1,597,"[92, 93, 96, 97, 99]",Unknownx5,5,4,08:19:00,4,07:56:00,61,62,63,62
2,FENERBAHÇE BEKO,597.1,598,"[93, 95, 96, 97, 99]",Unknownx5,5,4,07:56:00,4,07:56:00,63,62,63,62
2,FENERBAHÇE BEKO,598.1,620,"[76, 95, 96, 97, 99]",Unknownx5,5,4,07:56:00,4,06:41:00,63,62,66,65
2,FENERBAHÇE BEKO,620.1,621,"[76, 93, 96, 97, 99]",Unknownx5,5,4,06:41:00,4,06:41:00,66,65,66,65
2,FENERBAHÇE BEKO,621.1,641,"[76, 93, 97, 99]",Unknownx4,4,4,06:41:00,4,05:55:00,66,65,69,67
2,FENERBAHÇE BEKO,641.1,642,"[76, 93, 97, 99]",Unknownx4,4,4,05:55:00,4,05:55:00,69,67,69,67
2,FENERBAHÇE BEKO,642.1,680,"[76, 93, 95, 97, 99]",Unknownx5,5,4,05:55:00,4,03:40:00,69,67,74,70
2,FENERBAHÇE BEKO,680.1,681,"[76, 93, 95, 96, 97]",Unknownx5,5,4,03:40:00,4,03:40:00,74,70,74,70
2,FENERBAHÇE BEKO,681.1,700,"[76, 77, 93, 95, 96]",Unknownx5,5,4,03:32:00,4,02:46:00,74,70,74,72
2,FENERBAHÇE BEKO,700.1,701,"[77, 93, 95, 96]",Unknownx4,4,4,02:46:00,4,02:46:00,74,72,74,72
2,FENERBAHÇE BEKO,701.1,702,"[77, 89, 93, 95, 96]",Unknownx5,5,4,02:46:00,4,02:46:00,74,72,74,72
2,FENERBAHÇE BEKO,702.1,703,"[89, 93, 95, 96]",Unknownx4,4,4,02:46:00,4,02:46:00,74,72,74,72
2,FENERBAHÇE BEKO,703.1,743,"[76, 89, 93, 95, 96]",Unknownx5,5,4,02:40:00,4,00:00:80,74,72,78,78
2,FENERBAHÇE BEKO,743.1,744,"[76, 89, 95, 96]",Unknownx4,4,4,00:00:80,4,00:00:80,78,78,78,78
2,FENERBAHÇE BEKO,744.1,752,"[76, 89, 95, 96]",Unknownx4,4,4,00:00:80,4,00:00:00,78,78,78,80
