start_action,end_action,start_period,start_clock,end_period,end_clock,teamA_no,teamA_name,lineupA_players,lineupA_pos_mix,teamB_no,teamB_name,lineupB_players,lineupB_pos_mix,poss_A,pts_A_for,pts_A_against,net_A,ORtg_A,DRtg_A,poss_B,pts_B_for,pts_B_against,net_B,ORtg_B,DRtg_B,score_start_A,score_start_B,score_end_A,score_end_B
1.0,58,1,10:00:00,1,06:18:00,1,TOFAS,"[66, 88, 89, 91, 93]",Unknownx5,2,FENERBAHÇE BEKO,"[76, 77, 95, 96, 99]",Unknownx5,8,10,10,0,125.0,125.0,8,10,10,0,125.0,125.0,0,0,12,8
58.1,59,1,06:18:00,1,06:18:00,1,TOFAS,"[66, 88, 89, 91, 93]",Unknownx5,2,FENERBAHÇE BEKO,"[76, 77, 95, 99]",Unknownx4,0,0,0,0,,,0,0,0,0,,,12,8,12,8
59.1,79,1,06:18:00,1,04:33:00,1,TOFAS,"[66, 88, 89, 91, 93]",Unknownx5,2,FENERBAHÇE BEKO,"[76, 77, 93, 95, 99]",Unknownx5,3,2,4,-2,66.66666666666667,133.33333333333334,3,4,2,2,133.33333333333334,66.66666666666667,12,8,14,13
79.1,80,1,04:33:00,1,04:33:00,1,TOFAS,"[88, 89, 91, 93]",Unknownx4,2,FENERBAHÇE BEKO,"[76, 77, 93, 95, 99]",Unknownx5,0,0,0,0,,,0,0,0,0,,,14,13,14,13
80.1,81,1,04:33:00,1,04:33:00,1,TOFAS,"[88, 89, 91, 93]",Unknownx4,2,FENERBAHÇE BEKO,"[76, 77, 93, 95, 99]",Unknownx5,0,0,0,0,,,0,0,0,0,,,14,13,14,13
81.1,82,1,04:33:00,1,04:33:00,1,TOFAS,"[88, 89, 91, 92, 93]",Unknownx5,2,FENERBAHÇE BEKO,"[76, 77, 93, 95, 99]",Unknownx5,0,0,0,0,,,0,0,0,0,,,14,13,14,13
82.1,83,1,04:33:00,1,04:33:00,1,TOFAS,"[55, 89, 91, 92, 93]",Unknownx5,2,FENERBAHÇE BEKO,"[76, 77, 93, 95, 99]",Unknownx5,0,0,0,0,,,0,0,0,0,,,14,13,14,13
83.1,84,1,04:33:00,1,04:33:00,1,TOFAS,"[55, 89, 91, 92, 93]",Unknownx5,2,FENERBAHÇE BEKO,"[76, 77, 93, 95, 99]",Unknownx5,0,0,0,0,,,0,0,0,0,,,14,13,14,13
84.1,85,1,04:33:00,1,04:33:00,1,TOFAS,"[55, 89, 91, 92, 93]",Unknownx5,2,FENERBAHÇE BEKO,"[77, 93, 95, 96, 99]",Unknownx5,0,0,0,0,,,0,0,0,0,,,14,13,14,13
85.1,86,1,04:33:00,1,04:33:00,1,TOFAS,"[55, 89, 91, 92, 93]",Unknownx5,2,FENERBAHÇE BEKO,"[92, 93, 95, 96, 99]",Unknownx5,0,0,0,0,,,0,0,0,0,,,14,13,14,13
86.1,101,1,04:20:00,1,03:15:00,1,TOFAS,"[55, 89, 91, 92, 93]",Unknownx5,2,FENERBAHÇE BEKO,"[93, 95, 96, 97, 99]",Unknownx5,3,0,0,0,0.0,0.0,4,0,0,0,0.0,0.0,14,13,14,13
101.1,102,1,03:15:00,1,03:15:00,1,TOFAS,"[55, 91, 92, 93]",Unknownx4,2,FENERBAHÇE BEKO,"[93, 95, 96, 97, 99]",Unknownx5,0,0,0,0,,,0,0,0,0,,,14,13,14,13
102.1,103,1,03:15:00,1,03:15:00,1,TOFAS,"[55, 90, 91, 92, 93]",Unknownx5,2,FENERBAHÇE BEKO,"[93, 95, 96, 97, 99]",Unknownx5,0,0,0,0,,,0,0,0,0,,,14,13,14,13
103.1,104,1,03:15:00,1,03:15:00,1,TOFAS,"[55, 90, 91, 92, 93]",Unknownx5,2,FENERBAHÇE BEKO,"[76, 95, 96, 97, 99]",Unknownx5,0,0,0,0,,,0,0,0,0,,,14,13,14,13
104.1,121,1,03:15:00,1,02:32:00,1,TOFAS,"[55, 90, 91, 92, 93]",Unknownx5,2,FENERBAHÇE BEKO,"[76, 89, 96, 97, 99]",Unknownx5,2,0,2,-2,0.0,66.66666666666667,3,2,0,2,66.66666666666667,0.0,14,13,14,16
121.1,122,1,02:32:00,1,02:32:00,1,TOFAS,"[55, 90, 91, 92, 93]",Unknownx5,2,FENERBAHÇE BEKO,"[76, 89, 95, 97, 99]",Unknownx5,0,0,0,0,,,0,0,0,0,,,14,16,14,16
122.1,134,1,02:21:00,1,01:46:00,1,TOFAS,"[55, 90, 91, 92, 93]",Unknownx5,2,FENERBAHÇE BEKO,"[76, 89, 90, 95, 99]",Unknownx5,1,2,0,2,200.0,0.0,1,0,2,-2,0.0,200.0,14,16,14,18
134.1,135,1,01:46:00,1,01:46:00,1,TOFAS,"[55, 66, 91, 92, 93]",Unknownx5,2,FENERBAHÇE BEKO,"[76, 89, 90, 95, 99]",Unknownx5,0,0,0,0,,,0,0,0,0,,,14,18,14,18
135.1,149,1,01:44:00,1,01:01:00,1,TOFAS,"[55, 66, 92, 93, 94]",Unknownx5,2,FENERBAHÇE BEKO,"[76, 89, 90, 95, 99]",Unknownx5,2,1,0,1,50.0,0.0,2,0,1,-1,0.0,50.0,14,18,16,18
149.1,150,1,01:01:00,1,01:01:00,1,TOFAS,"[55, 66, 89, 93, 94]",Unknownx5,2,FENERBAHÇE BEKO,"[76, 89, 90, 95, 99]",Unknownx5,0,0,0,0,,,0,0,0,0,,,16,18,16,18
150.1,201,1,00:48:30,2,08:53:00,1,TOFAS,"[55, 66, 67, 89, 94]",Unknownx5,2,FENERBAHÇE BEKO,"[76, 89, 90, 95, 99]",Unknownx5,5,2,2,0,40.0,40.0,5,2,2,0,40.0,40.0,16,18,20,18
201.1,202,2,08:53:00,2,08:53:00,1,TOFAS,"[55, 66, 67, 89, 94]",Unknownx5,2,FENERBAHÇE BEKO,"[76, 89, 90, 92, 95]",Unknownx5,0,0,0,0,,,0,0,0,0,,,20,18,20,18
202.1,210,2,08:53:00,2,08:45:00,1,TOFAS,"[55, 66, 67, 89, 94]",Unknownx5,2,FENERBAHÇE BEKO,"[89, 90, 92, 95, 99]",Unknownx5,1,0,0,0,0.0,0.0,1,0,0,0,0.0,0.0,20,18,20,19
210.1,211,2,08:45:00,2,08:45:00,1,TOFAS,"[55, 66, 67, 89, 94]",Unknownx5,2,FENERBAHÇE BEKO,"[90, 92, 93, 95, 99]",Unknownx5,0,0,0,0,,,0,0,0,0,,,20,19,20,19
211.1,219,2,08:33:00,2,08:33:00,1,TOFAS,"[55, 66, 67, 89, 94]",Unknownx5,2,FENERBAHÇE BEKO,"[77, 92, 93, 95, 99]",Unknownx5,0,0,1,-1,,100.0,1,1,0,1,100.0,,20,19,22,19
219.1,220,2,08:33:00,2,08:33:00,1,TOFAS,"[55, 66, 67, 89, 94]",Unknownx5,2,FENERBAHÇE BEKO,"[77, 93, 95, 97, 99]",Unknownx5,0,0,0,0,,,0,0,0,0,,,22,19,22,19
220.1,245,2,08:18:00,2,07:28:00,1,TOFAS,"[55, 66, 67, 89, 94]",Unknownx5,2,FENERBAHÇE BEKO,"[77, 95, 96, 97, 99]",Unknownx5,4,1,0,1,25.0,0.0,4,0,1,-1,0.0,25.0,22,19,23,19
245.1,246,2,07:28:00,2,07:28:00,1,TOFAS,"[55, 66, 67, 89, 94]",Unknownx5,2,FENERBAHÇE BEKO,"[77, 90, 96, 97, 99]",Unknownx5,0,0,0,0,,,0,0,0,0,,,23,19,23,19
246.1,255,2,07:25:00,2,06:54:00,1,TOFAS,"[55, 66, 67, 89, 94]",Unknownx5,2,FENERBAHÇE BEKO,"[77, 90, 95, 97, 99]",Unknownx5,1,0,0,0,0.0,0.0,1,0,0,0,0.0,0.0,23,19,23,22
255.1,256,2,06:54:00,2,06:54:00,1,TOFAS,"[55, 66, 67, 89]",Unknownx4,2,FENERBAHÇE BEKO,"[77, 90, 95, 97, 99]",Unknownx5,0,0,0,0,,,0,0,0,0,,,23,22,23,22
256.1,257,2,06:54:00,2,06:54:00,1,TOFAS,"[55, 66, 67, 89, 94]",Unknownx5,2,FENERBAHÇE BEKO,"[77, 90, 95, 97, 99]",Unknownx5,0,0,0,0,,,0,0,0,0,,,23,22,23,22
257.1,258,2,06:54:00,2,06:54:00,1,TOFAS,"[55, 67, 89, 94]",Unknownx4,2,FENERBAHÇE BEKO,"[77, 90, 95, 97, 99]",Unknownx5,0,0,0,0,,,0,0,0,0,,,23,22,23,22
258.1,266,2,06:54:00,2,06:39:00,1,TOFAS,"[55, 67, 88, 89, 94]",Unknownx5,2,FENERBAHÇE BEKO,"[77, 90, 95, 97, 99]",Unknownx5,1,1,0,1,100.0,0.0,1,0,1,-1,0.0,100.0,23,22,23,23
266.1,267,2,06:39:00,2,06:39:00,1,TOFAS,"[55, 88, 89, 92, 94]",Unknownx5,2,FENERBAHÇE BEKO,"[77, 90, 95, 97, 99]",Unknownx5,0,0,0,0,,,0,0,0,0,,,23,23,23,23
267.1,268,2,06:39:00,2,06:39:00,1,TOFAS,"[55, 88, 89, 92, 94]",Unknownx5,2,FENERBAHÇE BEKO,"[77, 90, 95, 97, 99]",Unknownx5,0,0,0,0,,,0,0,0,0,,,23,23,23,23
268.1,269,2,06:39:00,2,06:39:00,1,TOFAS,"[55, 66, 88, 92, 94]",Unknownx5,2,FENERBAHÇE BEKO,"[77, 90, 95, 97, 99]",Unknownx5,0,0,0,0,,,0,0,0,0,,,23,23,23,23
269.1,280,2,06:39:00,2,06:30:00,1,TOFAS,"[55, 66, 91, 92, 94]",Unknownx5,2,FENERBAHÇE BEKO,"[77, 90, 95, 97, 99]",Unknownx5,1,0,1,-1,0.0,100.0,1,1,0,1,100.0,0.0,23,23,24,23
280.1,281,2,06:30:00,2,06:30:00,1,TOFAS,"[55, 66, 91, 94]",Unknownx4,2,FENERBAHÇE BEKO,"[77, 90, 95, 97, 99]",Unknownx5,0,0,0,0,,,0,0,0,0,,,24,23,24,23
281.1,288,2,06:30:00,2,06:12:00,1,TOFAS,"[55, 66, 91, 93, 94]",Unknownx5,2,FENERBAHÇE BEKO,"[77, 90, 95, 97, 99]",Unknownx5,1,1,0,1,100.0,0.0,2,0,1,-1,0.0,100.0,24,23,24,24
288.1,289,2,06:12:00,2,06:12:00,1,TOFAS,"[55, 66, 91, 93, 94]",Unknownx5,2,FENERBAHÇE BEKO,"[77, 89, 90, 95, 99]",Unknownx5,0,0,0,0,,,0,0,0,0,,,24,24,24,24
289.1,299,2,05:58:00,2,05:46:00,1,TOFAS,"[55, 66, 91, 93, 94]",Unknownx5,2,FENERBAHÇE BEKO,"[76, 77, 89, 90, 95]",Unknownx5,1,2,0,2,200.0,0.0,1,0,2,-2,0.0,200.0,24,24,24,26
299.1,300,2,05:46:00,2,05:46:00,1,TOFAS,"[55, 66, 91, 93, 94]",Unknownx5,2,FENERBAHÇE BEKO,"[77, 89, 90, 95, 99]",Unknownx5,0,0,0,0,,,0,0,0,0,,,24,26,24,26
300.1,315,2,05:28:00,2,04:21:00,1,TOFAS,"[55, 66, 91, 93, 94]",Unknownx5,2,FENERBAHÇE BEKO,"[89, 90, 92, 95, 99]",Unknownx5,3,2,2,0,66.66666666666667,66.66666666666667,3,2,2,0,66.66666666666667,66.66666666666667,24,26,30,26
315.1,316,2,04:21:00,2,04:21:00,1,TOFAS,"[55, 66, 91, 93, 94]",Unknownx5,2,FENERBAHÇE BEKO,"[77, 89, 92, 95, 99]",Unknownx5,0,0,0,0,,,0,0,0,0,,,30,26,30,26
316.1,317,2,04:21:00,2,04:21:00,1,TOFAS,"[55, 66, 91, 93, 94]",Unknownx5,2,FENERBAHÇE BEKO,"[77, 89, 95, 99]",Unknownx4,0,0,0,0,,,0,0,0,0,,,30,26,30,26
317.1,318,2,04:21:00,2,04:21:00,1,TOFAS,"[55, 66, 91, 93, 94]",Unknownx5,2,FENERBAHÇE BEKO,"[77, 89, 95, 97, 99]",Unknownx5,0,0,0,0,,,0,0,0,0,,,30,26,30,26
318.1,342,2,04:21:00,2,03:28:00,1,TOFAS,"[55, 66, 91, 93, 94]",Unknownx5,2,FENERBAHÇE BEKO,"[77, 89, 93, 97, 99]",Unknownx5,3,4,5,-1,133.33333333333334,166.66666666666666,3,5,4,1,166.66666666666666,133.33333333333334,30,26,35,31
342.1,343,2,03:28:00,2,03:28:00,1,TOFAS,"[55, 66, 91, 93, 94]",Unknownx5,2,FENERBAHÇE BEKO,"[77, 93, 97, 99]",Unknownx4,0,0,0,0,,,0,0,0,0,,,35,31,35,31
343.1,368,2,03:28:00,2,01:10:00,1,TOFAS,"[55, 66, 91, 93, 94]",Unknownx5,2,FENERBAHÇE BEKO,"[77, 89, 93, 97, 99]",Unknownx5,6,8,4,4,133.33333333333334,80.0,5,4,8,-4,80.0,133.33333333333334,35,31,40,39
368.1,369,2,01:10:00,2,01:10:00,1,TOFAS,"[55, 66, 90, 91, 94]",Unknownx5,2,FENERBAHÇE BEKO,"[77, 89, 93, 97, 99]",Unknownx5,0,0,0,0,,,0,0,0,0,,,40,39,40,39
369.1,370,2,01:10:00,2,01:10:00,1,TOFAS,"[55, 66, 90, 91]",Unknownx4,2,FENERBAHÇE BEKO,"[77, 89, 93, 97, 99]",Unknownx5,0,0,0,0,,,0,0,0,0,,,40,39,40,39
370.1,371,2,01:10:00,2,01:10:00,1,TOFAS,"[55, 66, 90, 91]",Unknownx4,2,FENERBAHÇE BEKO,"[77, 89, 92, 93, 99]",Unknownx5,0,0,0,0,,,0,0,0,0,,,40,39,40,39
371.1,372,2,01:10:00,2,01:10:00,1,TOFAS,"[55, 66, 90, 91]",Unknownx4,2,FENERBAHÇE BEKO,"[77, 89, 92, 93, 96]",Unknownx5,0,0,0,0,,,0,0,0,0,,,40,39,40,39
372.1,373,2,01:10:00,2,01:10:00,1,TOFAS,"[55, 66, 90, 91]",Unknownx4,2,FENERBAHÇE BEKO,"[77, 89, 92, 93, 96]",Unknownx5,0,0,0,0,,,0,0,0,0,,,40,39,40,39
373.1,381,2,00:48:10,2,00:48:10,1,TOFAS,"[55, 66, 90, 91]",Unknownx4,2,FENERBAHÇE BEKO,"[77, 89, 93, 95, 96]",Unknownx5,1,0,1,-1,0.0,100.0,1,1,0,1,100.0,0.0,40,39,41,39
381.1,382,2,00:48:10,2,00:48:10,1,TOFAS,"[55, 66, 90, 91]",Unknownx4,2,FENERBAHÇE BEKO,"[77, 89, 95, 96]",Unknownx4,0,0,0,0,,,0,0,0,0,,,41,39,41,39
382.1,395,2,00:24:30,3,10:00:00,1,TOFAS,"[55, 66, 90, 91]",Unknownx4,2,FENERBAHÇE BEKO,"[77, 89, 95, 96]",Unknownx4,1,2,0,2,200.0,0.0,1,0,2,-2,0.0,200.0,41,39,43,39
395.1,396,3,10:00:00,3,10:00:00,1,TOFAS,"[55, 66, 90, 91]",Unknownx4,2,FENERBAHÇE BEKO,"[77, 89, 95, 96]",Unknownx4,0,0,0,0,,,0,0,0,0,,,43,39,43,39
396.1,397,3,10:00:00,3,10:00:00,1,TOFAS,"[55, 66, 90, 91]",Unknownx4,2,FENERBAHÇE BEKO,"[77, 89, 95, 96]",Unknownx4,0,0,0,0,,,0,0,0,0,,,43,39,43,39
397.1,398,3,10:00:00,3,10:00:00,1,TOFAS,"[55, 66, 90, 91]",Unknownx4,2,FENERBAHÇE BEKO,"[77, 89, 95, 96]",Unknownx4,0,0,0,0,,,0,0,0,0,,,43,39,43,39
398.1,399,3,10:00:00,3,10:00:00,1,TOFAS,"[55, 66, 90, 91]",Unknownx4,2,FENERBAHÇE BEKO,"[77, 89, 95, 96]",Unknownx4,0,0,0,0,,,0,0,0,0,,,43,39,43,39
399.1,400,3,10:00:00,3,10:00:00,1,TOFAS,"[55, 66, 90, 91]",Unknownx4,2,FENERBAHÇE BEKO,"[77, 89, 92, 95, 96]",Unknownx5,0,0,0,0,,,0,0,0,0,,,43,39,43,39
400.1,419,3,10:00:00,3,08:26:00,1,TOFAS,"[55, 66, 90, 91]",Unknownx4,2,FENERBAHÇE BEKO,"[77, 89, 92, 96]",Unknownx4,3,0,2,-2,0.0,66.66666666666667,3,2,0,2,66.66666666666667,0.0,43,39,45,39
419.1,420,3,08:26:00,3,08:26:00,1,TOFAS,"[55, 66, 90, 91]",Unknownx4,2,FENERBAHÇE BEKO,"[77, 89, 92, 96]",Unknownx4,0,0,0,0,,,0,0,0,0,,,45,39,45,39
420.1,431,3,08:16:00,3,07:39:00,1,TOFAS,"[55, 66, 90, 91]",Unknownx4,2,FENERBAHÇE BEKO,"[77, 89, 92, 96]",Unknownx4,0,0,2,-2,,200.0,1,2,0,2,200.0,,45,39,47,39
431.1,432,3,07:39:00,3,07:39:00,1,TOFAS,"[55, 66, 90, 91]",Unknownx4,2,FENERBAHÇE BEKO,"[77, 89, 92, 96]",Unknownx4,0,0,0,0,,,0,0,0,0,,,47,39,47,39
432.1,433,3,07:39:00,3,07:39:00,1,TOFAS,"[55, 66, 90, 91]",Unknownx4,2,FENERBAHÇE BEKO,"[77, 89, 92, 96]",Unknownx4,0,0,0,0,,,0,0,0,0,,,47,39,47,39
433.1,434,3,07:39:00,3,07:39:00,1,TOFAS,"[55, 66, 90, 91]",Unknownx4,2,FENERBAHÇE BEKO,"[77, 89, 92, 96, 99]",Unknownx5,0,0,0,0,,,0,0,0,0,,,47,39,47,39
434.1,444,3,07:32:00,3,06:24:00,1,TOFAS,"[55, 66, 90, 91]",Unknownx4,2,FENERBAHÇE BEKO,"[77, 92, 96, 99]",Unknownx4,1,0,3,-3,0.0,150.0,2,3,0,3,150.0,0.0,47,39,47,45
444.1,445,3,06:24:00,3,06:24:00,1,TOFAS,"[55, 66, 90, 91]",Unknownx4,2,FENERBAHÇE BEKO,"[77, 92, 95, 96, 99]",Unknownx5,0,0,0,0,,,0,0,0,0,,,47,45,47,45
445.1,466,3,06:20:00,3,05:28:00,1,TOFAS,"[55, 66, 90, 91]",Unknownx4,2,FENERBAHÇE BEKO,"[77, 92, 95, 97, 99]",Unknownx5,3,2,0,2,66.66666666666667,0.0,3,0,2,-2,0.0,66.66666666666667,47,45,49,45
466.1,467,3,05:28:00,3,05:28:00,1,TOFAS,"[55, 66, 88, 90, 91]",Unknownx5,2,FENERBAHÇE BEKO,"[77, 92, 95, 97, 99]",Unknownx5,0,0,0,0,,,0,0,0,0,,,49,45,49,45
467.1,468,3,05:28:00,3,05:28:00,1,TOFAS,"[55, 88, 90, 91, 94]",Unknownx5,2,FENERBAHÇE BEKO,"[77, 92, 95, 97, 99]",Unknownx5,0,0,0,0,,,0,0,0,0,,,49,45,49,45
468.1,469,3,05:28:00,3,05:28:00,1,TOFAS,"[55, 88, 90, 91, 94]",Unknownx5,2,FENERBAHÇE BEKO,"[77, 92, 93, 95, 97]",Unknownx5,0,0,0,0,,,0,0,0,0,,,49,45,49,45
469.1,486,3,05:17:00,3,04:48:00,1,TOFAS,"[55, 88, 90, 91, 94]",Unknownx5,2,FENERBAHÇE BEKO,"[77, 92, 93, 95, 97]",Unknownx5,1,0,0,0,0.0,0.0,1,0,0,0,0.0,0.0,49,45,49,47
486.1,487,3,04:48:00,3,04:48:00,1,TOFAS,"[55, 88, 90, 91, 94]",Unknownx5,2,FENERBAHÇE BEKO,"[77, 93, 95, 96, 97]",Unknownx5,0,0,0,0,,,0,0,0,0,,,49,47,49,47
487.1,502,3,04:41:00,3,03:29:00,1,TOFAS,"[55, 88, 90, 91, 94]",Unknownx5,2,FENERBAHÇE BEKO,"[77, 95, 96, 97]",Unknownx4,3,4,4,0,133.33333333333334,100.0,4,4,4,0,100.0,133.33333333333334,49,47,51,53
502.1,503,3,03:29:00,3,03:29:00,1,TOFAS,"[55, 88, 90, 91, 94]",Unknownx5,2,FENERBAHÇE BEKO,"[76, 77, 95, 96, 97]",Unknownx5,0,0,0,0,,,0,0,0,0,,,51,53,51,53
503.1,504,3,03:29:00,3,03:29:00,1,TOFAS,"[55, 88, 90, 91, 94]",Unknownx5,2,FENERBAHÇE BEKO,"[76, 77, 89, 96, 97]",Unknownx5,0,0,0,0,,,0,0,0,0,,,51,53,51,53
504.1,505,3,03:29:00,3,03:29:00,1,TOFAS,"[66, 88, 90, 91, 94]",Unknownx5,2,FENERBAHÇE BEKO,"[76, 77, 89, 96, 97]",Unknownx5,0,0,0,0,,,0,0,0,0,,,51,53,51,53
505.1,506,3,03:29:00,3,03:29:00,1,TOFAS,"[66, 90, 91, 93, 94]",Unknownx5,2,FENERBAHÇE BEKO,"[76, 77, 89, 96, 97]",Unknownx5,0,0,0,0,,,0,0,0,0,,,51,53,51,53
506.1,507,3,03:29:00,3,03:29:00,1,TOFAS,"[66, 91, 92, 93, 94]",Unknownx5,2,FENERBAHÇE BEKO,"[76, 77, 89, 96, 97]",Unknownx5,0,0,0,0,,,0,0,0,0,,,51,53,51,53
507.1,515,3,03:29:00,3,03:08:00,1,TOFAS,"[66, 90, 92, 93, 94]",Unknownx5,2,FENERBAHÇE BEKO,"[76, 77, 89, 96, 97]",Unknownx5,0,0,0,0,,,0,0,0,0,,,51,53,51,54
515.1,516,3,03:08:00,3,03:08:00,1,TOFAS,"[66, 90, 92, 93, 94]",Unknownx5,2,FENERBAHÇE BEKO,"[76, 77, 96, 97]",Unknownx4,0,0,0,0,,,0,0,0,0,,,51,54,51,54
516.1,532,3,03:08:00,3,01:57:00,1,TOFAS,"[66, 90, 92, 93, 94]",Unknownx5,2,FENERBAHÇE BEKO,"[76, 77, 93, 96, 97]",Unknownx5,4,5,0,5,125.0,0.0,3,0,5,-5,0.0,125.0,51,54,54,57
532.1,533,3,01:57:00,3,01:57:00,1,TOFAS,"[66, 89, 90, 93, 94]",Unknownx5,2,FENERBAHÇE BEKO,"[76, 77, 93, 96, 97]",Unknownx5,0,0,0,0,,,0,0,0,0,,,54,57,54,57
533.1,572,3,01:50:00,4,09:20:00,1,TOFAS,"[66, 67, 89, 90, 94]",Unknownx5,2,FENERBAHÇE BEKO,"[76, 77, 93, 96, 97]",Unknownx5,5,4,6,-2,80.0,120.0,5,6,4,2,120.0,80.0,54,57,60,61
572.1,573,4,09:20:00,4,09:20:00,1,TOFAS,"[66, 67, 89, 90, 94]",Unknownx5,2,FENERBAHÇE BEKO,"[76, 77, 93, 96, 99]",Unknownx5,0,0,0,0,,,0,0,0,0,,,60,61,60,61
573.1,586,4,09:20:00,4,08:44:00,1,TOFAS,"[66, 67, 89, 90, 94]",Unknownx5,2,FENERBAHÇE BEKO,"[76, 77, 92, 93, 99]",Unknownx5,2,2,0,2,100.0,0.0,2,0,2,-2,0.0,100.0,60,61,62,61
586.1,587,4,08:44:00,4,08:44:00,1,TOFAS,"[66, 67, 89, 90, 94]",Unknownx5,2,FENERBAHÇE BEKO,"[77, 92, 93, 97, 99]",Unknownx5,0,0,0,0,,,0,0,0,0,,,62,61,62,61
587.1,595,4,08:19:00,4,07:56:00,1,TOFAS,"[66, 67, 89, 90, 94]",Unknownx5,2,FENERBAHÇE BEKO,"[92, 93, 96, 97, 99]",Unknownx5,0,0,0,0,,,0,0,0,0,,,62,61,62,63
595.1,596,4,07:56:00,4,07:56:00,1,TOFAS,"[66, 67, 89, 90, 94]",Unknownx5,2,FENERBAHÇE BEKO,"[92, 93, 96, 97, 99]",Unknownx5,0,0,0,0,,,0,0,0,0,,,62,63,62,63
596.1,597,4,07:56:00,4,07:56:00,1,TOFAS,"[66, 67, 89, 90, 94]",Unknownx5,2,FENERBAHÇE BEKO,"[92, 93, 96, 97, 99]",Unknownx5,0,0,0,0,,,0,0,0,0,,,62,63,62,63
597.1,598,4,07:56:00,4,07:56:00,1,TOFAS,"[66, 67, 89, 90, 94]",Unknownx5,2,FENERBAHÇE BEKO,"[93, 95, 96, 97, 99]",Unknownx5,0,0,0,0,,,0,0,0,0,,,62,63,62,63
598.1,618,4,07:56:00,4,06:41:00,1,TOFAS,"[66, 67, 89, 90, 94]",Unknownx5,2,FENERBAHÇE BEKO,"[76, 95, 96, 97, 99]",Unknownx5,3,3,2,1,100.0,66.66666666666667,3,2,3,-1,66.66666666666667,100.0,62,63,65,66
618.1,619,4,06:41:00,4,06:41:00,1,TOFAS,"[66, 67, 89, 90, 94]",Unknownx5,2,FENERBAHÇE BEKO,"[76, 95, 96, 97, 99]",Unknownx5,0,0,0,0,,,0,0,0,0,,,65,66,65,66
619.1,620,4,06:41:00,4,06:41:00,1,TOFAS,"[66, 67, 89, 90]",Unknownx4,2,FENERBAHÇE BEKO,"[76, 95, 96, 97, 99]",Unknownx5,0,0,0,0,,,0,0,0,0,,,65,66,65,66
620.1,621,4,06:41:00,4,06:41:00,1,TOFAS,"[66, 67, 89, 90]",Unknownx4,2,FENERBAHÇE BEKO,"[76, 93, 96, 97, 99]",Unknownx5,0,0,0,0,,,0,0,0,0,,,65,66,65,66
621.1,622,4,06:41:00,4,06:41:00,1,TOFAS,"[66, 67, 89, 90]",Unknownx4,2,FENERBAHÇE BEKO,"[76, 93, 97, 99]",Unknownx4,0,0,0,0,,,0,0,0,0,,,65,66,65,66
622.1,623,4,06:41:00,4,06:41:00,1,TOFAS,"[66, 67, 89, 90, 92]",Unknownx5,2,FENERBAHÇE BEKO,"[76, 93, 97, 99]",Unknownx4,0,0,0,0,,,0,0,0,0,,,65,66,65,66
623.1,641,4,06:41:00,4,05:55:00,1,TOFAS,"[66, 67, 88, 90, 92]",Unknownx5,2,FENERBAHÇE BEKO,"[76, 93, 97, 99]",Unknownx4,3,4,0,4,133.33333333333334,0.0,2,0,4,-4,0.0,133.33333333333334,65,66,67,69
641.1,642,4,05:55:00,4,05:55:00,1,TOFAS,"[66, 67, 88, 90, 92]",Unknownx5,2,FENERBAHÇE BEKO,"[76, 93, 97, 99]",Unknownx4,0,0,0,0,,,0,0,0,0,,,67,69,67,69
642.1,643,4,05:55:00,4,05:55:00,1,TOFAS,"[66, 67, 88, 90, 92]",Unknownx5,2,FENERBAHÇE BEKO,"[76, 93, 95, 97, 99]",Unknownx5,0,0,0,0,,,0,0,0,0,,,67,69,67,69
643.1,644,4,05:55:00,4,05:55:00,1,TOFAS,"[66, 67, 88, 90, 92]",Unknownx5,2,FENERBAHÇE BEKO,"[76, 93, 95, 97, 99]",Unknownx5,0,0,0,0,,,0,0,0,0,,,67,69,67,69
644.1,680,4,05:55:00,4,03:40:00,1,TOFAS,"[66, 67, 90, 92, 93]",Unknownx5,2,FENERBAHÇE BEKO,"[76, 93, 95, 97, 99]",Unknownx5,5,3,4,-1,60.0,80.0,5,4,3,1,80.0,60.0,67,69,70,74
680.1,681,4,03:40:00,4,03:40:00,1,TOFAS,"[66, 67, 90, 92, 93]",Unknownx5,2,FENERBAHÇE BEKO,"[76, 93, 95, 96, 97]",Unknownx5,0,0,0,0,,,0,0,0,0,,,70,74,70,74
681.1,700,4,03:32:00,4,02:46:00,1,TOFAS,"[66, 67, 90, 92, 93]",Unknownx5,2,FENERBAHÇE BEKO,"[76, 77, 93, 95, 96]",Unknownx5,2,0,2,-2,0.0,66.66666666666667,3,2,0,2,66.66666666666667,0.0,70,74,72,74
700.1,701,4,02:46:00,4,02:46:00,1,TOFAS,"[66, 67, 90, 92, 93]",Unknownx5,2,FENERBAHÇE BEKO,"[77, 93, 95, 96]",Unknownx4,0,0,0,0,,,0,0,0,0,,,72,74,72,74
701.1,702,4,02:46:00,4,02:46:00,1,TOFAS,"[66, 67, 90, 92, 93]",Unknownx5,2,FENERBAHÇE BEKO,"[77, 89, 93, 95, 96]",Unknownx5,0,0,0,0,,,0,0,0,0,,,72,74,72,74
702.1,703,4,02:46:00,4,02:46:00,1,TOFAS,"[66, 67, 90, 92, 93]",Unknownx5,2,FENERBAHÇE BEKO,"[89, 93, 95, 96]",Unknownx4,0,0,0,0,,,0,0,0,0,,,72,74,72,74
703.1,743,4,02:40:00,4,00:00:80,1,TOFAS,"[66, 67, 90, 92, 93]",Unknownx5,2,FENERBAHÇE BEKO,"[76, 89, 93, 95, 96]",Unknownx5,5,6,4,2,120.0,66.66666666666667,6,4,6,-2,66.66666666666667,120.0,72,74,78,78
743.1,744,4,00:00:80,4,00:00:80,1,TOFAS,"[66, 67, 90, 92, 93]",Unknownx5,2,FENERBAHÇE BEKO,"[76, 89, 95, 96]",Unknownx4,0,0,0,0,,,0,0,0,0,,,78,78,78,78
744.1,745,4,00:00:80,4,00:00:80,1,TOFAS,"[66, 67, 90, 92, 93]",Unknownx5,2,FENERBAHÇE BEKO,"[76, 89, 95, 96]",Unknownx4,0,0,0,0,,,0,0,0,0,,,78,78,78,78
745.1,746,4,00:00:80,4,00:00:80,1,TOFAS,"[66, 67, 90, 93]",Unknownx4,2,FENERBAHÇE BEKO,"[76, 89, 95, 96]",Unknownx4,0,0,0,0,,,0,0,0,0,,,78,78,78,78
746.1,752,4,00:00:80,4,00:00:00,1,TOFAS,"[66, 67, 90, 91, 93]",Unknownx5,2,FENERBAHÇE BEKO,"[76, 89, 95, 96]",Unknownx4,0,0,0,0,,0.0,1,0,0,0,0.0,,78,78,80,78
